time,vel_forward,vel_right,vel_left,accel_forward,accel_right,accel_left,roll,pitch,yaw
0,5,0,0,0.017855944007075,-0.525460699724779,9.79800303050684,0,0,1.5707963267949
0.1,5,0,0,-0.0294489715889311,-0.494780816165915,9.80860975428049,0,0,1.5807963267949
0.2,5,0,0,-0.0148366585834993,-0.536688347444181,9.82411600627949,0,0,1.5907963267949
0.3,5,0,0,0.0207293339307466,-0.531028008178942,9.78087006700992,0,0,1.6007963267949
0.4,5,0,0,-0.00860302810252687,-0.505948128109023,9.82847064416656,0,0,1.6107963267949
0.5,5,0,0,0.00339729255895198,-0.492218331986844,9.82518018754826,0,0,1.6207963267949
0.6,5,0,0,-0.0130726406344558,-0.540067086712629,9.82339337302755,0,0,1.6307963267949
0.7,5,0,0,0.0181861353281234,-0.497739094712316,9.81398684028997,0,0,1.6407963267949
0.8,5,0,0,0.0110803880544348,-0.52212382610813,9.78874621822344,0,0,1.6507963267949
0.9,5,0,0,0.00155049015395522,-0.481481664066855,9.81382480141721,0,0,1.6607963267949
1,5,0,0,-0.00482395127991164,-0.473706787452865,9.78054345145367,0,0,1.6707963267949
1.1,5,0,0,-0.00536702895268208,-0.461944857474776,9.80310684479387,0,0,1.6807963267949
1.2,5,0,0,-0.0326017283605341,-0.506513553788646,9.84018696550758,0,0,1.6907963267949
1.3,5,0,0,0.0322465202327933,-0.498116290903526,9.82332556649804,0,0,1.7007963267949
1.4,5,0,0,-0.00612974716786617,-0.540415320876091,9.80217703898936,0,0,1.7107963267949
1.5,5,0,0,-0.00576837720427319,-0.491303073830881,9.83303479182621,0,0,1.7207963267949
1.6,5,0,0,-0.0138367857100178,-0.528900572427026,9.82096089287681,0,0,1.7307963267949
1.7,5,0,0,0.0150402243257324,-0.538594157058439,9.79010524357533,0,0,1.7407963267949
1.8,5,0,0,0.0351900906101263,-0.521895861344791,9.81371096760349,0,0,1.7507963267949
1.9,5,0,0,0.00878489033297615,-0.500017987465243,9.77952027292484,0,0,1.7607963267949
2,5,0,0,-0.0245593313540496,-0.487653376749076,9.78930886608429,0,0,1.7707963267949
2.1,5,0,0,0.0164389055125076,-0.505701437513798,9.83642131311757,0,0,1.7807963267949
2.2,5,0,0,0.01642127048911,-0.479237058932116,9.80319758862043,0,0,1.7907963267949
2.3,5,0,0,-0.0138876071452222,-0.466623634034981,9.82860205302665,0,0,1.8007963267949
2.4,5,0,0,-0.0202598992461894,-0.537855547591869,9.81306788857077,0,0,1.8107963267949
2.5,5,0,0,0.0199536663182078,-0.53488188040876,9.83726908666337,0,0,1.8207963267949
2.6,5,0,0,-0.0313049454466268,-0.503937357918248,9.84055150400167,0,0,1.8307963267949
2.7,5,0,0,0.0372626633777747,-0.510904246143656,9.81108302238599,0,0,1.8407963267949
2.8,5,0,0,-0.015974282305313,-0.472395137208203,9.79708445006504,0,0,1.8507963267949
2.9,5,0,0,-0.0170050723823317,-0.50928360600064,9.78184768630026,0,0,1.8607963267949
3,5,0,0,0.0314418902699822,-0.458205876353163,9.8231755044597,0,0,1.8707963267949
3.1,5,0,0,-0.00154224965205759,-0.47991533205735,9.82003737860102,0,0,1.8807963267949
3.2,5,0,0,0.00607109811070453,-0.485795090237968,9.81617037980194,0,0,1.8907963267949
3.3,5,0,0,0.00793326559462054,-0.503563642165806,9.81088021175033,0,0,1.9007963267949
3.4,5,0,0,-0.000132580657851029,-0.52309142977808,9.81788370976311,0,0,1.9107963267949
3.5,5,0,0,-0.00459460586508569,-0.518597665224318,9.8013726958529,0,0,1.9207963267949
3.6,5,0,0,0.0409960528125489,-0.532167076844976,9.8433573270024,0,0,1.9307963267949
3.7,5,0,0,-0.0264371887274697,-0.491473487044384,9.78301011985501,0,0,1.9407963267949
3.8,5,0,0,-0.0235118481355222,-0.485924868137158,9.81550890601599,0,0,1.9507963267949
3.9,5,0,0,-0.0338539047498889,-0.481525092150363,9.81807105372373,0,0,1.9607963267949
4,5,0,0,0.0176529088080675,-0.504560719439964,9.80042350976778,0,0,1.9707963267949
4.1,5,0,0,0.00742006064833158,-0.483253625705585,9.8028399839755,0,0,1.9807963267949
4.2,5,0,0,0.0214930244931571,-0.501526717522293,9.80141710962994,0,0,1.9907963267949
4.3,5,0,0,-0.00162663868136857,-0.513403338634251,9.81854127222297,0,0,2.0007963267949
4.4,5,0,0,0.0263858182011622,-0.509741231118751,9.84973644171675,0,0,2.0107963267949
4.5,5,0,0,-0.00765745829037406,-0.497669013847507,9.77226055522636,0,0,2.0207963267949
4.6,5,0,0,0.0435929671740982,-0.510462429324262,9.79499444679156,0,0,2.0307963267949
4.7,5,0,0,-0.0122287820598894,-0.508902803272804,9.78411293668798,0,0,2.0407963267949
4.8,5,0,0,0.0313209616237649,-0.514681187836134,9.78320861175508,0,0,2.0507963267949
4.9,5,0,0,-0.0286900149511616,-0.524485179711794,9.81736298623192,0,0,2.0607963267949
5,5,0,0,0.00705627157545263,-0.477623514365664,9.80841171065808,0,0,2.0707963267949
5.1,5,0,0,0.0381862013066809,-0.484488652021052,9.83128124412262,0,0,2.0807963267949
5.2,5,0,0,0.00462221416077865,-0.491950139135949,9.78437712909001,0,0,2.0907963267949
5.3,5,0,0,0.0393777928336154,-0.506776650521368,9.81110193775369,0,0,2.1007963267949
5.4,5,0,0,-0.0367274382359411,-0.542182088135586,9.83570680835879,0,0,2.1107963267949
5.5,5,0,0,-0.0244050162509075,-0.526921472816804,9.82137446689086,0,0,2.1207963267949
5.6,5,0,0,0.02649607816552,-0.535192001562021,9.78550000095214,0,0,2.1307963267949
5.7,5,0,0,-0.00539863311469203,-0.495260161399994,9.78401628181549,0,0,2.1407963267949
5.8,5,0,0,0.00750741041465384,-0.503244172824102,9.77065771640032,0,0,2.1507963267949
5.9,5,0,0,0.000193329606296198,-0.496598029648065,9.78972137959841,0,0,2.1607963267949
6,5,0,0,0.0335105920937637,-0.487331178858779,9.75668627262748,0,0,2.1707963267949
6.1,5,0,0,0.0136293783306148,-0.492052326192716,9.78892595415922,0,0,2.1807963267949
6.2,5,0,0,-0.00084003247934867,-0.485600517303436,9.82237056174059,0,0,2.1907963267949
6.3,5,0,0,0.0139369901705619,-0.474749116158236,9.83064784893331,0,0,2.2007963267949
6.4,5,0,0,0.00993360799085415,-0.500422721369027,9.81779044481966,0,0,2.2107963267949
6.5,5,0,0,-0.0218563645087223,-0.478489014753097,9.80881609626902,0,0,2.2207963267949
6.6,5,0,0,-0.00912830879042523,-0.496437247958838,9.81563946054349,0,0,2.2307963267949
6.7,5,0,0,0.00650457665675637,-0.516077786630711,9.77805008431177,0,0,2.2407963267949
6.8,5,0,0,0.0159717823322748,-0.467950859247638,9.83980658821739,0,0,2.2507963267949
6.9,5,0,0,0.00491888255340185,-0.474277551990134,9.81285681729717,0,0,2.2607963267949
7,5,0,0,-0.0299121309767154,-0.485494930400485,9.82942950810356,0,0,2.2707963267949
7.1,5,0,0,0.00707388117591699,-0.497291426057476,9.82242280690622,0,0,2.2807963267949
7.2,5,0,0,0.0243591537237071,-0.550238837707381,9.81147828532334,0,0,2.2907963267949
7.3,5,0,0,0.0119622131020936,-0.491814438495862,9.79264099249863,0,0,2.3007963267949
7.4,5,0,0,-0.0218201124271155,-0.482473490512515,9.79967623148946,0,0,2.3107963267949
7.5,5,0,0,-0.0157858270932876,-0.503549412903726,9.80242405889092,0,0,2.3207963267949
7.6,5,0,0,-0.00406519822574611,-0.472618628575755,9.78837780065297,0,0,2.3307963267949
7.7,5,0,0,0.0040803090637823,-0.493951177465227,9.80813746057672,0,0,2.3407963267949
7.8,5,0,0,0.0359872600863155,-0.485957764528515,9.82064606863688,0,0,2.3507963267949
7.9,5,0,0,0.00449144555120227,-0.484770548390686,9.79625836562786,0,0,2.3607963267949
8,5,0,0,0.0146451999684568,-0.508072144754733,9.81724095636733,0,0,2.3707963267949
8.1,5,0,0,0.000804966849928152,-0.470859215662789,9.79698391280536,0,0,2.3807963267949
8.2,5,0,0,0.0153599820204487,-0.517533662060599,9.84460270953214,0,0,2.3907963267949
8.3,5,0,0,-0.00628781225567177,-0.488621388135046,9.80068774918085,0,0,2.4007963267949
8.4,5,0,0,0.00464533199246293,-0.481455454664593,9.83751476934181,0,0,2.4107963267949
8.5,5,0,0,-0.0214814544442011,-0.487220667509216,9.81080406724022,0,0,2.4207963267949
8.6,5,0,0,0.0123354927043033,-0.48349218527702,9.81859422374386,0,0,2.4307963267949
8.7,5,0,0,0.0375739138350323,-0.502477573642211,9.82346482099685,0,0,2.4407963267949
8.8,5,0,0,0.0372361643089792,-0.519980285009259,9.83262244204138,0,0,2.4507963267949
8.9,5,0,0,0.0499213953505213,-0.470506238524162,9.82960020017329,0,0,2.4607963267949
9,5,0,0,0.0294196081087728,-0.537927588588273,9.78970161795181,0,0,2.4707963267949
9.1,5,0,0,-0.023717764417183,-0.505817209332146,9.78556535781005,0,0,2.4807963267949
9.2,5,0,0,0.0167337160444229,-0.532121272597477,9.80416096271571,0,0,2.4907963267949
9.3,5,0,0,0.0381125406732456,-0.51988938804467,9.79684552038486,0,0,2.5007963267949
9.4,5,0,0,-0.0226049606889431,-0.483297138431902,9.78787609493048,0,0,2.5107963267949
9.5,5,0,0,0.00610243194324866,-0.518616236852283,9.81509066878905,0,0,2.5207963267949
9.6,5,0,0,-0.0223095104331454,-0.511246640951174,9.79502628902105,0,0,2.5307963267949
9.7,5,0,0,-0.012392359117071,-0.486684560109996,9.80754832202462,0,0,2.5407963267949
9.8,5,0,0,-0.0155940662494975,-0.486686781069438,9.8447808071659,0,0,2.5507963267949
9.9,5,0,0,0.0186063147840929,-0.503716968123428,9.79737682522435,0,0,2.5607963267949
10,5,0,0,0.00857690489037727,-0.49305385139126,9.82498194879887,0,0,2.5707963267949
10.1,5,0,0,0.00310976396199073,-0.505200216912748,9.77887243850559,0,0,2.5807963267949
10.2,5,0,0,-0.0101149239541459,-0.53918516238745,9.80312539082732,0,0,2.5907963267949
10.3,5,0,0,0.0132162529920054,-0.500448921266846,9.8040148415632,0,0,2.6007963267949
10.4,5,0,0,0.0358212815081748,-0.470317207946453,9.78384038384604,0,0,2.6107963267949
10.5,5,0,0,-0.0126703934244063,-0.508258150032152,9.78557836460716,0,0,2.6207963267949
10.6,5,0,0,-0.0149615407123344,-0.51681427213422,9.82404480416347,0,0,2.6307963267949
10.7,5,0,0,-0.0184516262903543,-0.507116385841086,9.82243303055829,0,0,2.6407963267949
10.8,5,0,0,0.0256731755263187,-0.494673547108029,9.80325025610727,0,0,2.6507963267949
10.9,5,0,0,-0.0259032828655295,-0.526122506973538,9.80955393703437,0,0,2.6607963267949
11,5,0,0,0.0215290182533749,-0.504377021236082,9.82813574256624,0,0,2.6707963267949
11.1,5,0,0,-0.0225294652994341,-0.489888287106365,9.82496033010845,0,0,2.6807963267949
11.2,5,0,0,0.0162891220768989,-0.497441713328831,9.80758839240607,0,0,2.6907963267949
11.3,5,0,0,-0.0141224370549167,-0.486305179844687,9.79783435020344,0,0,2.7007963267949
11.4,5,0,0,0.0112768175501411,-0.477387395058935,9.78361460818942,0,0,2.7107963267949
11.5,5,0,0,0.0198233908775534,-0.516400555058155,9.81018093185151,0,0,2.7207963267949
11.6,5,0,0,-0.00384359780642849,-0.48589156950382,9.85004738190857,0,0,2.7307963267949
11.7,5,0,0,-0.0359342613505175,-0.496471805367405,9.79315836849108,0,0,2.7407963267949
11.8,5,0,0,-0.0139380198351771,-0.517195971575461,9.82135860008584,0,0,2.7507963267949
11.9,5,0,0,0.0235751910017703,-0.477255111048601,9.78842144622636,0,0,2.7607963267949
12,5,0,0,0.00204700780079425,-0.519359123222407,9.77508627160721,0,0,2.7707963267949
12.1,5,0,0,-0.0107618363517021,-0.488239128243812,9.84187760225432,0,0,2.7807963267949
12.2,5,0,0,-0.00383261276498776,-0.495162539514759,9.81992648245378,0,0,2.7907963267949
12.3,5,0,0,-0.012961019093864,-0.459683783738437,9.78924105466685,0,0,2.8007963267949
12.4,5,0,0,-0.00683362686802844,-0.512779624990287,9.82838406879858,0,0,2.8107963267949
12.5,5,0,0,-0.0101705552045403,-0.495482000118304,9.79284398553869,0,0,2.8207963267949
12.6,5,0,0,0.00495527675571247,-0.528585713516812,9.78007293728066,0,0,2.8307963267949
12.7,5,0,0,-0.0271176890228866,-0.471207131974881,9.79176399851808,0,0,2.8407963267949
12.8,5,0,0,-0.0413806710749924,-0.515900637755107,9.83990640974551,0,0,2.8507963267949
12.9,5,0,0,0.0347359419816916,-0.515839941385126,9.81109174963229,0,0,2.8607963267949
13,5,0,0,0.00887744217878819,-0.51113767922176,9.81765551817476,0,0,2.8707963267949
13.1,5,0,0,-0.000918501317106265,-0.467315269373344,9.83237085067375,0,0,2.8807963267949
13.2,5,0,0,-0.00820081830347783,-0.476959827861182,9.80153066410446,0,0,2.8907963267949
13.3,5,0,0,0.0147605607891226,-0.48206776748788,9.79928847168625,0,0,2.9007963267949
13.4,5,0,0,-0.00965263389734866,-0.50143498728435,9.80369878278493,0,0,2.9107963267949
13.5,5,0,0,0.0157008750009663,-0.469782515374332,9.83941949133763,0,0,2.9207963267949
13.6,5,0,0,0.0152370354313368,-0.508693788761122,9.84394939116332,0,0,2.9307963267949
13.7,5,0,0,-0.000391744907498668,-0.515239901837864,9.82866277573932,0,0,2.9407963267949
13.8,5,0,0,-0.00554611792192269,-0.514447353600678,9.76028049047991,0,0,2.9507963267949
13.9,5,0,0,-0.0351038195303654,-0.501958966781614,9.77307735371981,0,0,2.9607963267949
14,5,0,0,0.00394230320520925,-0.544377624499629,9.83114852731124,0,0,2.9707963267949
14.1,5,0,0,-0.0123417052244792,-0.511774876341512,9.79890674443171,0,0,2.9807963267949
14.2,5,0,0,0.000556017152439476,-0.559850179831322,9.83102130691975,0,0,2.9907963267949
14.3,5,0,0,-0.0202728502436472,-0.491078554179286,9.78808919261708,0,0,3.0007963267949
14.4,5,0,0,-0.00248909880435422,-0.50350430568341,9.77831983235174,0,0,3.0107963267949
14.5,5,0,0,0.0258599151985603,-0.488992505530423,9.8267611126482,0,0,3.0207963267949
14.6,5,0,0,-0.00944820730321508,-0.481875732036201,9.81895232289729,0,0,3.0307963267949
14.7,5,0,0,-0.00769204807806997,-0.471064346771082,9.80184159643415,0,0,3.0407963267949
14.8,5,0,0,0.0202622182282662,-0.500749137032186,9.81952853745945,0,0,3.0507963267949
14.9,5,0,0,0.0235355592388326,-0.503750416421626,9.77191925764094,0,0,3.0607963267949
15,5,0,0,0.0043620379630487,-0.490274707832202,9.83015448936644,0,0,3.0707963267949
15.1,5,0,0,0.00382070296027489,-0.467190427410127,9.80009930999318,0,0,3.0807963267949
15.2,5,0,0,-0.0444475346585151,-0.526497460716309,9.83353526888413,0,0,3.0907963267949
15.3,5,0,0,-0.00283111415688422,-0.524349654868738,9.79219715398172,0,0,3.1007963267949
15.4,5,0,0,0.0471990043162502,-0.525787267304829,9.82642953293427,0,0,3.1107963267949
15.5,5,0,0,0.0150911799254818,-0.488594613618914,9.81307488252668,0,0,3.1207963267949
15.6,5,0,0,0.0399744890259713,-0.53186147993362,9.783225999247,0,0,3.1307963267949
15.7,5,0,0,0.02928967067226,-0.526789619550209,9.77795449483679,0,0,3.1407963267949
15.8,5,0,0,-0.00390649739785395,-0.485508529204505,9.82054692300626,0,0,3.1507963267949
15.9,5,0,0,-0.0365215296476288,-0.499270934098008,9.80275559546657,0,0,3.1607963267949
16,5,0,0,0.00969180249162727,-0.479892861772141,9.82656761395717,0,0,3.1707963267949
16.1,5,0,0,0.0052839784322458,-0.462965038299287,9.79025538254308,0,0,3.1807963267949
16.2,5,0,0,0.0235704717871887,-0.518780904032397,9.81811303576925,0,0,3.1907963267949
16.3,5,0,0,-0.0048546213285586,-0.508677030445921,9.82098694564042,0,0,3.2007963267949
16.4,5,0,0,-0.000532443582176488,-0.499778535024869,9.79257597321343,0,0,3.2107963267949
16.5,5,0,0,0.0173186419123961,-0.461757871107525,9.82811732886804,0,0,3.2207963267949
16.6,5,0,0,-0.0166204509308263,-0.514995552607488,9.81368378387758,0,0,3.2307963267949
16.7,5,0,0,0.0253940724621101,-0.522659089865646,9.80783009701817,0,0,3.2407963267949
16.8,5,0,0,0.0193100079338661,-0.543321186036669,9.79736824988892,0,0,3.2507963267949
16.9,5,0,0,-0.0105671591665677,-0.495083797709231,9.81718157474168,0,0,3.2607963267949
17,5,0,0,0.0341277111118188,-0.51833098247448,9.80914528077914,0,0,3.2707963267949
17.1,5,0,0,0.0189052854906503,-0.538780547791566,9.81850749185433,0,0,3.2807963267949
17.2,5,0,0,0.00506928477573564,-0.454311473534231,9.80752938058617,0,0,3.2907963267949
17.3,5,0,0,0.0130098550211353,-0.498480672243412,9.77497079219197,0,0,3.3007963267949
17.4,5,0,0,0.00769529009335083,-0.508215788328237,9.78942526641776,0,0,3.3107963267949
17.5,5,0,0,-0.00165088702402951,-0.497503948995033,9.82358529396457,0,0,3.3207963267949
17.6,5,0,0,0.0153770597286689,-0.481492004677498,9.81315823825538,0,0,3.3307963267949
17.7,5,0,0,0.0129611282494995,-0.511066677053696,9.78688650004948,0,0,3.3407963267949
17.8,5,0,0,-0.00434332958621401,-0.466634480442328,9.80325376551345,0,0,3.3507963267949
17.9,5,0,0,0.0239405707993173,-0.548993463969828,9.81759612113976,0,0,3.3607963267949
18,5,0,0,0.0278390560100706,-0.509830532164915,9.78951107963492,0,0,3.3707963267949
18.1,5,0,0,-0.0132652593881005,-0.4764104481939,9.81929742456276,0,0,3.3807963267949
18.2,5,0,0,-0.0245366308415043,-0.514765745600886,9.80456350231191,0,0,3.3907963267949
18.3,5,0,0,-0.0158097305500872,-0.513753723557613,9.8063593817344,0,0,3.4007963267949
18.4,5,0,0,-0.0146775177353149,-0.508996466409391,9.79813421091964,0,0,3.4107963267949
18.5,5,0,0,-0.0401577475869122,-0.509305878800132,9.8113027584182,0,0,3.4207963267949
18.6,5,0,0,-0.00263617250599339,-0.470751987211297,9.83682764210844,0,0,3.4307963267949
18.7,5,0,0,0.00644001713711131,-0.5276507310263,9.82410494342266,0,0,3.4407963267949
18.8,5,0,0,-0.0118016078028678,-0.462217052435234,9.79091138942377,0,0,3.4507963267949
18.9,5,0,0,0.0322134892238793,-0.505312313487149,9.79181560086896,0,0,3.4607963267949
19,5,0,0,-0.0110912710677687,-0.481938015398554,9.77573321387992,0,0,3.4707963267949
19.1,5,0,0,-0.00462825949452985,-0.4804204151052,9.80991843631818,0,0,3.4807963267949
19.2,5,0,0,0.0145781464360035,-0.504531730902029,9.81009446727997,0,0,3.4907963267949
19.3,5,0,0,0.0158119455487372,-0.493123372376712,9.80030833028565,0,0,3.5007963267949
19.4,5,0,0,0.0180314150898769,-0.522017146932313,9.82268359276194,0,0,3.5107963267949
19.5,5,0,0,0.0059155467224541,-0.470823794301159,9.82043464812759,0,0,3.5207963267949
19.6,5,0,0,0.0188642078157768,-0.518360229610218,9.8041819004,0,0,3.5307963267949
19.7,5,0,0,-0.00990366877631965,-0.499439016681653,9.80435577656753,0,0,3.5407963267949
19.8,5,0,0,0.04023232223572,-0.504410131361151,9.80917879720233,0,0,3.5507963267949
19.9,5,0,0,0.0208788273085418,-0.542005894928782,9.80001082686743,0,0,3.5607963267949
20,5,0,0,-0.0283497732624339,-0.510077830283071,9.78319422445284,0,0,3.5707963267949
20.1,5,0,0,0.00222606810118649,-0.511088923452951,9.79013369130838,0,0,3.5807963267949
20.2,5,0,0,0.00539004233733168,-0.486355278062681,9.80809759863457,0,0,3.5907963267949
20.3,5,0,0,0.0119863073126455,-0.50325521647645,9.73859784088371,0,0,3.6007963267949
20.4,5,0,0,0.0585331137952595,-0.500114155857138,9.80745084648109,0,0,3.6107963267949
20.5,5,0,0,-0.00842080472046771,-0.468466923737762,9.81964606715101,0,0,3.6207963267949
20.6,5,0,0,-0.0178309539283252,-0.527039396985438,9.80856583964997,0,0,3.6307963267949
20.7,5,0,0,-0.00804519232994472,-0.487340624046814,9.78988263328416,0,0,3.6407963267949
20.8,5,0,0,-0.0145365257796398,-0.477244798641922,9.77602070583724,0,0,3.6507963267949
20.9,5,0,0,-0.00480316083752536,-0.494697347215605,9.83602291748415,0,0,3.6607963267949
21,5,0,0,-0.00671531771957397,-0.467555887846488,9.830457537877,0,0,3.6707963267949
21.1,5,0,0,-0.0392172485028023,-0.489005660387189,9.77858778182538,0,0,3.6807963267949
21.2,5,0,0,0.0390897963287046,-0.504268583129498,9.80369081889472,0,0,3.6907963267949
21.3,5,0,0,0.0107765993889141,-0.503497881008323,9.82879393504569,0,0,3.7007963267949
21.4,5,0,0,0.00752893452413633,-0.497245422955527,9.8274612935263,0,0,3.7107963267949
21.5,5,0,0,-0.0232583678820816,-0.519957149173134,9.83728551454761,0,0,3.7207963267949
21.6,5,0,0,0.00308854025286213,-0.492061921604538,9.78698368058118,0,0,3.7307963267949
21.7,5,0,0,0.0200343445856872,-0.490226301155664,9.78434857365105,0,0,3.7407963267949
21.8,5,0,0,0.00462504178903325,-0.481227390529405,9.81119344011811,0,0,3.7507963267949
21.9,5,0,0,-0.0322303193814856,-0.504330952730102,9.8135357369497,0,0,3.7607963267949
22,5,0,0,0.0260102023714471,-0.505328517137156,9.81385030591238,0,0,3.7707963267949
22.1,5,0,0,0.000310120024488064,-0.48479075516615,9.80767821342568,0,0,3.7807963267949
22.2,5,0,0,-0.0189041330557258,-0.491856397983917,9.83374301460526,0,0,3.7907963267949
22.3,5,0,0,-0.00258759699391708,-0.507942998816808,9.79372107798879,0,0,3.8007963267949
22.4,5,0,0,-0.00529464566647404,-0.483563877384531,9.82134838690915,0,0,3.8107963267949
22.5,5,0,0,-0.0108788595980126,-0.545128135070405,9.82047901656371,0,0,3.8207963267949
22.6,5,0,0,0.00903212416974476,-0.522007881131835,9.75144762245332,0,0,3.8307963267949
22.7,5,0,0,-0.0015289993653284,-0.539550912295387,9.86171215930455,0,0,3.8407963267949
22.8,5,0,0,-0.00292489305079932,-0.48028895954826,9.78506557039933,0,0,3.8507963267949
22.9,5,0,0,0.0211907854006741,-0.504761449853594,9.809628137971,0,0,3.8607963267949
23,5,0,0,0.00864149479807504,-0.50096553358561,9.81457513527102,0,0,3.8707963267949
23.1,5,0,0,0.00426767653802029,-0.51774212895625,9.79900593604745,0,0,3.8807963267949
23.2,5,0,0,-0.0361080119324071,-0.502124726405538,9.81315522787669,0,0,3.8907963267949
23.3,5,0,0,-0.0120999143049816,-0.506919514940764,9.8184021361327,0,0,3.9007963267949
23.4,5,0,0,-0.0233300819857893,-0.493238491670393,9.81989612448833,0,0,3.9107963267949
23.5,5,0,0,-0.0147377030048084,-0.479325762603011,9.80276038199608,0,0,3.9207963267949
23.6,5,0,0,0.0396426351788299,-0.481245942903978,9.79788013469528,0,0,3.9307963267949
23.7,5,0,0,-0.00288817395187898,-0.50224158141417,9.83077994628053,0,0,3.9407963267949
23.8,5,0,0,-0.0327441824808929,-0.518255019177463,9.82430894899701,0,0,3.9507963267949
23.9,5,0,0,0.0179079573810938,-0.540715461806792,9.85031405819913,0,0,3.9607963267949
24,5,0,0,0.0392402186906506,-0.499578450443907,9.79495672772619,0,0,3.9707963267949
24.1,5,0,0,-0.0330773361360804,-0.507024386826118,9.80635755153253,0,0,3.9807963267949
24.2,5,0,0,0.0415397509580068,-0.477301750699938,9.78385449839769,0,0,3.9907963267949
24.3,5,0,0,-0.0100465630900205,-0.499123286767852,9.78541096959238,0,0,4.0007963267949
24.4,5,0,0,0.0104942530413527,-0.502540662694824,9.79819083950592,0,0,4.0107963267949
24.5,5,0,0,0.0148281250324496,-0.504317678467946,9.80679618131171,0,0,4.0207963267949
24.6,5,0,0,0.00923975943138268,-0.48525261339324,9.81078290565685,0,0,4.0307963267949
24.7,5,0,0,0.0146204774986785,-0.495923028150872,9.82626576570743,0,0,4.0407963267949
24.8,5,0,0,0.0315886282776323,-0.485064988215397,9.820584195053,0,0,4.0507963267949
24.9,5,0,0,-0.00850308737133402,-0.475496355892939,9.81316864603712,0,0,4.0607963267949
25,5,0,0,-0.0118714281088975,-0.475463922113017,9.80232787235599,0,0,4.0707963267949
25.1,5,0,0,0.047290722098112,-0.500490540899417,9.79549092094961,0,0,4.0807963267949
25.2,5,0,0,0.0064661939895666,-0.525194173138742,9.81426318859153,0,0,4.0907963267949
25.3,5,0,0,-0.00710599159700305,-0.513927835446629,9.81674915723464,0,0,4.1007963267949
25.4,5,0,0,-0.0138227965707854,-0.4968726392114,9.83009471678989,0,0,4.1107963267949
25.5,5,0,0,0.031889408591597,-0.51902394035858,9.80843236817885,0,0,4.1207963267949
25.6,5,0,0,0.0100043306286459,-0.494469239474821,9.80052218787073,0,0,4.1307963267949
25.7,5,0,0,-0.0207640376100407,-0.487220273042538,9.77382234928005,0,0,4.1407963267949
25.8,5,0,0,-0.00758919133398351,-0.470276671386862,9.77213518379516,0,0,4.1507963267949
25.9,5,0,0,-0.00173881330269713,-0.503432627696466,9.8355204447361,0,0,4.1607963267949
26,5,0,0,0.0160793866649143,-0.488243321040561,9.80307909850004,0,0,4.1707963267949
26.1,5,0,0,-0.00334403061671883,-0.484531615099658,9.79771103806223,0,0,4.1807963267949
26.2,5,0,0,-0.0171618572897561,-0.490794914872312,9.78169921594856,0,0,4.1907963267949
26.3,5,0,0,0.025116281343276,-0.53093830577882,9.8457293770524,0,0,4.2007963267949
26.4,5,0,0,0.014902827505989,-0.510822761904976,9.79862624102153,0,0,4.2107963267949
26.5,5,0,0,0.00868054067433416,-0.496763322303416,9.8252488415849,0,0,4.2207963267949
26.6,5,0,0,0.0194650922589871,-0.514816683827522,9.80711957903013,0,0,4.2307963267949
26.7,5,0,0,0.0277644577057223,-0.492313968537556,9.82369662305322,0,0,4.2407963267949
26.8,5,0,0,-0.00122223053550241,-0.482329722572417,9.78483144555794,0,0,4.2507963267949
26.9,5,0,0,-0.00282753999479325,-0.504924131824187,9.83186120627948,0,0,4.2607963267949
27,5,0,0,0.00876444507084399,-0.510075341158221,9.77422025755049,0,0,4.2707963267949
27.1,5,0,0,0.024417688437253,-0.542806414510796,9.80071416421007,0,0,4.2807963267949
27.2,5,0,0,-0.00960265158860605,-0.461618700522607,9.82174360950643,0,0,4.2907963267949
27.3,5,0,0,0.0107187687436408,-0.493744612400989,9.78082609227968,0,0,4.3007963267949
27.4,5,0,0,0.00738861125476097,-0.512599774857712,9.84228384144156,0,0,4.3107963267949
27.5,5,0,0,-0.0106227747676759,-0.505391694388661,9.79844387802186,0,0,4.3207963267949
27.6,5,0,0,-0.0239823748631318,-0.486483384479156,9.80526991931419,0,0,4.3307963267949
27.7,5,0,0,0.0222606105300605,-0.491322203482071,9.8060290934358,0,0,4.3407963267949
27.8,5,0,0,-0.0116738355364052,-0.500826135806427,9.81941779312904,0,0,4.3507963267949
27.9,5,0,0,0.0142146253303721,-0.497823899086264,9.83944336414402,0,0,4.3607963267949
28,5,0,0,-0.0287860318085867,-0.506296808153014,9.79269670819341,0,0,4.3707963267949
28.1,5,0,0,0.0209032933281343,-0.487092279518761,9.7972782041029,0,0,4.3807963267949
28.2,5,0,0,-0.0142785374581951,-0.481844230526557,9.8084146341958,0,0,4.3907963267949
28.3,5,0,0,0.0120655001464479,-0.486999955439919,9.80720329468344,0,0,4.4007963267949
28.4,5,0,0,-0.0373532586562879,-0.480526122315438,9.82133595202421,0,0,4.4107963267949
28.5,5,0,0,0.0327985367334349,-0.501986423542467,9.787963298399,0,0,4.4207963267949
28.6,5,0,0,-0.0265969291384781,-0.45357529995679,9.79590506375387,0,0,4.4307963267949
28.7,5,0,0,-0.0394716254740297,-0.473640119485373,9.83209492702557,0,0,4.4407963267949
28.8,5,0,0,-0.0334858333099921,-0.505050772370116,9.80636367886271,0,0,4.4507963267949
28.9,5,0,0,0.00922079760876539,-0.492986485489135,9.80209088224055,0,0,4.4607963267949
29,5,0,0,0.0017547993419824,-0.510689891957118,9.77740513902057,0,0,4.4707963267949
29.1,5,0,0,-0.0329935793694689,-0.521767413890616,9.74463725547052,0,0,4.4807963267949
29.2,5,0,0,0.0290718378714593,-0.463253009047499,9.83274657170526,0,0,4.4907963267949
29.3,5,0,0,-0.0187321176694606,-0.508087134320671,9.84463030567868,0,0,4.5007963267949
29.4,5,0,0,-0.000865968316652272,-0.464492404268813,9.80529551806768,0,0,4.5107963267949
29.5,5,0,0,-0.0163196757000418,-0.518514912190167,9.83304388670145,0,0,4.5207963267949
29.6,5,0,0,0.00552256601648937,-0.511250634113869,9.82926788805385,0,0,4.5307963267949
29.7,5,0,0,-0.022821665448285,-0.522037632840758,9.78366105488184,0,0,4.5407963267949
29.8,5,0,0,0.0230601791225187,-0.471098888086813,9.81427266862648,0,0,4.5507963267949
29.9,5,0,0,0.0233180016500615,-0.494886391392677,9.80540826647039,0,0,4.5607963267949
30,5,0,0,0.010696846846023,-0.517587781210836,9.8388523188923,0,0,4.5707963267949
30.1,5,0,0,0.0306855812489158,-0.49582354784919,9.8202386839146,0,0,4.5807963267949
30.2,5,0,0,-0.00803186784388492,-0.508307048731615,9.8237399703239,0,0,4.5907963267949
30.3,5,0,0,0.00382233709992011,-0.5201570396654,9.8089999855312,0,0,4.6007963267949
30.4,5,0,0,0.0349285966741911,-0.49617414837166,9.81367300808496,0,0,4.6107963267949
30.5,5,0,0,-0.0290748778063425,-0.499608135932996,9.83276767628446,0,0,4.6207963267949
30.6,5,0,0,-0.00254652048780313,-0.51737392865301,9.7970393527053,0,0,4.6307963267949
30.7,5,0,0,0.00807700393836999,-0.486850066564723,9.83080038752219,0,0,4.6407963267949
30.8,5,0,0,0.00412123254693348,-0.498516120808951,9.80311546141794,0,0,4.6507963267949
30.9,5,0,0,0.00127687768229576,-0.49359399292143,9.82717030402847,0,0,4.6607963267949
31,5,0,0,0.0149023690640656,-0.527236083039445,9.80749164394068,0,0,4.6707963267949
31.1,5,0,0,0.0286444022177544,-0.485322734758639,9.82366627201738,0,0,4.6807963267949
31.2,5,0,0,0.0207041175514716,-0.497463824277101,9.82678690349355,0,0,4.6907963267949
31.3,5,0,0,0.00732708623611197,-0.517348016182733,9.80199976162638,0,0,4.7007963267949
31.4,5,0,0,0.00308704653058603,-0.478517514291325,9.83006686978328,0,0,4.7107963267949
31.5,5,0,0,0.0149686374947753,-0.511711304384567,9.82320739833296,0,0,4.7207963267949
31.6,5,0,0,-0.0167720421470556,-0.482027061632189,9.81287257454386,0,0,4.7307963267949
31.7,5,0,0,0.0179056616119064,-0.49991601774696,9.81328817038586,0,0,4.7407963267949
31.8,5,0,0,-0.00616018434949051,-0.44948528422028,9.8443112240827,0,0,4.7507963267949
31.9,5,0,0,0.0178019247644389,-0.523767524755842,9.79343696946514,0,0,4.7607963267949
32,5,0,0,-8.31712535267253e-06,-0.493110932365596,9.8097161913841,0,0,4.7707963267949
32.1,5,0,0,0.00267532674784641,-0.499656492050876,9.8290720476295,0,0,4.7807963267949
32.2,5,0,0,-0.00555829413316205,-0.542682669482069,9.76741340106467,0,0,4.7907963267949
32.3,5,0,0,0.00896777164955333,-0.54356966457503,9.82735601946518,0,0,4.8007963267949
32.4,5,0,0,0.00646184852732876,-0.503021633167679,9.81941190991168,0,0,4.8107963267949
32.5,5,0,0,0.00892253160772724,-0.497859562243371,9.79724119529948,0,0,4.8207963267949
32.6,5,0,0,-0.0084257294574032,-0.542753377122894,9.79671711976217,0,0,4.8307963267949
32.7,5,0,0,0.0208591614319515,-0.544599144075347,9.82032834129114,0,0,4.8407963267949
32.8,5,0,0,0.0175300443554224,-0.471021746518404,9.84957332618684,0,0,4.8507963267949
32.9,5,0,0,-0.0417488023174093,-0.515061274754581,9.80550724873607,0,0,4.8607963267949
33,5,0,0,0.00168260850315094,-0.491044886699292,9.84898197606857,0,0,4.8707963267949
33.1,5,0,0,-0.00921699699537351,-0.465172142835201,9.83509645988145,0,0,4.8807963267949
33.2,5,0,0,0.00980569591660232,-0.509842034462487,9.78997889288154,0,0,4.8907963267949
33.3,5,0,0,0.0123291157761685,-0.510178482991736,9.7711258878985,0,0,4.9007963267949
33.4,5,0,0,0.0224754179999593,-0.486459647547989,9.81006910333073,0,0,4.9107963267949
33.5,5,0,0,-0.0136812070493633,-0.496157065941922,9.78705136175926,0,0,4.9207963267949
33.6,5,0,0,-0.0060485746533014,-0.513820468814536,9.80500206806233,0,0,4.9307963267949
33.7,5,0,0,-0.0145587167951635,-0.465136461023758,9.78663588500178,0,0,4.9407963267949
33.8,5,0,0,-0.0128185321444961,-0.516297339358941,9.86275599985716,0,0,4.9507963267949
33.9,5,0,0,0.000376310822851573,-0.471196569465326,9.77917204045982,0,0,4.9607963267949
34,5,0,0,-0.0158251262728204,-0.48511708083325,9.79533549533562,0,0,4.9707963267949
34.1,5,0,0,0.00649278004497932,-0.51142689038844,9.78093659935918,0,0,4.9807963267949
34.2,5,0,0,-0.000829018391449175,-0.5101019787795,9.82988398431119,0,0,4.9907963267949
34.3,5,0,0,0.00271668666221174,-0.528347205933595,9.7752056069572,0,0,5.0007963267949
34.4,5,0,0,-0.015619638315337,-0.484119798154217,9.82307623061765,0,0,5.0107963267949
34.5,5,0,0,0.00820840533655078,-0.499012323949439,9.81295637514427,0,0,5.0207963267949
34.6,5,0,0,0.0131168728409341,-0.505395837999141,9.79070300317094,0,0,5.0307963267949
34.7,5,0,0,0.0355358052771613,-0.495270379697439,9.80905562045699,0,0,5.0407963267949
34.8,5,0,0,0.0144647578694487,-0.503029233430157,9.8315202860116,0,0,5.0507963267949
34.9,5,0,0,0.00387160686474713,-0.49721677862869,9.79145023350958,0,0,5.0607963267949
35,5,0,0,0.0220062755512966,-0.537638897654482,9.8165186909459,0,0,5.0707963267949
35.1,5,0,0,0.0281055102758217,-0.490079935160476,9.80769710558141,0,0,5.0807963267949
35.2,5,0,0,-0.0189174595262658,-0.49642152131931,9.79733800898848,0,0,5.0907963267949
35.3,5,0,0,-0.0225963244868866,-0.479425408771683,9.77364724820768,0,0,5.1007963267949
35.4,5,0,0,-0.0131556352469349,-0.498818555793109,9.78126235243816,0,0,5.1107963267949
35.5,5,0,0,0.00450356176053089,-0.50622039747435,9.79273986087345,0,0,5.1207963267949
35.6,5,0,0,0.0131551120621921,-0.51496158434966,9.79829442819196,0,0,5.1307963267949
35.7,5,0,0,-0.00688000749739531,-0.495907173794081,9.77527558190399,0,0,5.1407963267949
35.8,5,0,0,-0.00387053686295871,-0.494500248504059,9.7974448464103,0,0,5.1507963267949
35.9,5,0,0,0.0154171397809276,-0.466003059815401,9.80689836932588,0,0,5.1607963267949
36,5,0,0,0.0267830426559064,-0.467688848503935,9.80615930896272,0,0,5.1707963267949
36.1,5,0,0,0.0168529135956471,-0.5117097925661,9.79395971167095,0,0,5.1807963267949
36.2,5,0,0,-0.0154938511731748,-0.525475598113314,9.80551255884082,0,0,5.1907963267949
36.3,5,0,0,0.0195704138088248,-0.478604490382237,9.79031719194513,0,0,5.2007963267949
36.4,5,0,0,0.00568306144903173,-0.491602097917486,9.81974145792046,0,0,5.2107963267949
36.5,5,0,0,-0.00584473973059417,-0.480385982843678,9.8233515098708,0,0,5.2207963267949
36.6,5,0,0,0.0445941678400489,-0.486353453357405,9.82966874639424,0,0,5.2307963267949
36.7,5,0,0,-0.0117631367318244,-0.471659692233621,9.83290622587851,0,0,5.2407963267949
36.8,5,0,0,0.00469916127564885,-0.503268681626626,9.81706490740386,0,0,5.2507963267949
36.9,5,0,0,0.00181358033363128,-0.512762075871943,9.80254036686007,0,0,5.2607963267949
37,5,0,0,0.0113833676954155,-0.502114913119237,9.7999013259258,0,0,5.2707963267949
37.1,5,0,0,-0.0299978920361793,-0.491014428632682,9.80876320847806,0,0,5.2807963267949
37.2,5,0,0,0.00852527967603162,-0.469379549569163,9.7938938550487,0,0,5.2907963267949
37.3,5,0,0,-0.000704954295609974,-0.489710988457514,9.82601254635258,0,0,5.3007963267949
37.4,5,0,0,0.02552524975509,-0.502645257332385,9.82433206857235,0,0,5.3107963267949
37.5,5,0,0,0.00671673026332745,-0.495141033807589,9.78974380452898,0,0,5.3207963267949
37.6,5,0,0,0.00558637888608731,-0.520401421351011,9.79879006518841,0,0,5.3307963267949
37.7,5,0,0,0.00406783751506077,-0.463026405748165,9.80207575816148,0,0,5.3407963267949
37.8,5,0,0,-0.00957878070686348,-0.505466939531262,9.82313307031981,0,0,5.3507963267949
37.9,5,0,0,0.0244558908572516,-0.469392893917571,9.83314080339555,0,0,5.3607963267949
38,5,0,0,0.0287598560524566,-0.498821880082257,9.82497924796966,0,0,5.3707963267949
38.1,5,0,0,0.0136601045380583,-0.494888249258524,9.79531753981568,0,0,5.3807963267949
38.2,5,0,0,-0.0105532774342772,-0.528866650385515,9.76983163229767,0,0,5.3907963267949
38.3,5,0,0,0.0324603539663413,-0.49574551725846,9.80930313844266,0,0,5.4007963267949
38.4,5,0,0,-0.0665842515146681,-0.519895585887669,9.81383571548248,0,0,5.4107963267949
38.5,5,0,0,0.0153869136655344,-0.503446339052645,9.78683050410745,0,0,5.4207963267949
38.6,5,0,0,0.00186609434301406,-0.487628534703345,9.83721366631649,0,0,5.4307963267949
38.7,5,0,0,-0.0213383875940551,-0.475208778217394,9.83765312036987,0,0,5.4407963267949
38.8,5,0,0,-0.0180779118934475,-0.50610620095297,9.80781350789393,0,0,5.4507963267949
38.9,5,0,0,-0.00422473541214416,-0.518198481726178,9.83049057168546,0,0,5.4607963267949
39,5,0,0,-0.0169836044146253,-0.519413624434222,9.79949413977315,0,0,5.4707963267949
39.1,5,0,0,0.0300752118887703,-0.527304171651683,9.80270515644573,0,0,5.4807963267949
39.2,5,0,0,0.0353046513732677,-0.514251741856611,9.8095588715281,0,0,5.4907963267949
39.3,5,0,0,-0.0319010178211764,-0.508890239177099,9.79222939183788,0,0,5.5007963267949
39.4,5,0,0,-0.00748175377156793,-0.522836902090207,9.82852952212208,0,0,5.5107963267949
39.5,5,0,0,-0.0192671143891272,-0.475381485869621,9.82205091338743,0,0,5.5207963267949
39.6,5,0,0,0.00762218506410814,-0.47245461533524,9.78196375630381,0,0,5.5307963267949
39.7,5,0,0,-0.0166400105158908,-0.499284243131123,9.81847649337193,0,0,5.5407963267949
39.8,5,0,0,-0.000292964740883748,-0.53092786558559,9.79310252245392,0,0,5.5507963267949
39.9,5,0,0,-0.0196434766513358,-0.500373969405031,9.81343827591378,0,0,5.5607963267949
40,5,0,0,-0.000125093357837715,-0.499093956948908,9.82691251826097,0,0,5.5707963267949
40.1,5,0,0,-0.0289869282260256,-0.48309445127244,9.84610538261515,0,0,5.5807963267949
40.2,5,0,0,-0.0187144294036963,-0.528373701703676,9.80550042977365,0,0,5.5907963267949
40.3,5,0,0,0.00780153573673825,-0.531428095350734,9.795104834554,0,0,5.6007963267949
40.4,5,0,0,-0.0121211418406205,-0.487407015222179,9.82299910876747,0,0,5.6107963267949
40.5,5,0,0,-0.000943006965954366,-0.501262153001897,9.7986276384389,0,0,5.6207963267949
40.6,5,0,0,0.0106024214062353,-0.480698652385533,9.81652417417294,0,0,5.6307963267949
40.7,5,0,0,0.0242264466902225,-0.513932778422794,9.82745176843652,0,0,5.6407963267949
40.8,5,0,0,-0.0379955217110564,-0.527699169213817,9.77684503289863,0,0,5.6507963267949
40.9,5,0,0,0.0150601291570731,-0.492677968101433,9.82881345161934,0,0,5.6607963267949
41,5,0,0,-0.042254759729822,-0.505129953253217,9.82545871859231,0,0,5.6707963267949
41.1,5,0,0,-0.00154223282577171,-0.481083501696928,9.8066081646059,0,0,5.6807963267949
41.2,5,0,0,0.0171822774448927,-0.512866527309321,9.80819273355098,0,0,5.6907963267949
41.3,5,0,0,0.00473215985553747,-0.502938340700489,9.83728291490305,0,0,5.7007963267949
41.4,5,0,0,-0.0107758248653774,-0.50199308504318,9.78383651678966,0,0,5.7107963267949
41.5,5,0,0,-0.00953016762878459,-0.489406674902983,9.79887408138009,0,0,5.7207963267949
41.6,5,0,0,-0.00456553841028708,-0.466827562387582,9.80511779381788,0,0,5.7307963267949
41.7,5,0,0,-0.0153501303641305,-0.512437428999104,9.79633672623688,0,0,5.7407963267949
41.8,5,0,0,-0.018282454958207,-0.526587326519809,9.77885660030856,0,0,5.7507963267949
41.9,5,0,0,-0.0204667433747658,-0.50154604496796,9.81495586772256,0,0,5.7607963267949
42,5,0,0,0.0136679089827023,-0.505984101157726,9.82698956872267,0,0,5.7707963267949
42.1,5,0,0,-0.00370461894068507,-0.485556772258586,9.81453354543699,0,0,5.7807963267949
42.2,5,0,0,-0.00659767144459217,-0.510795821626434,9.82648474118473,0,0,5.7907963267949
42.3,5,0,0,0.0101296414371806,-0.492944431773004,9.79767589911145,0,0,5.8007963267949
42.4,5,0,0,0.0203166470447615,-0.482710078921227,9.79309803102651,0,0,5.8107963267949
42.5,5,0,0,-0.00368149503698358,-0.481903693846406,9.83069175119968,0,0,5.8207963267949
42.6,5,0,0,0.0152310373342368,-0.512627018612317,9.82620836237284,0,0,5.8307963267949
42.7,5,0,0,-0.022883510083845,-0.510288522362541,9.79467186114899,0,0,5.8407963267949
42.8,5,0,0,-0.00742852696864285,-0.555575757017652,9.81610793064516,0,0,5.8507963267949
42.9,5,0,0,-0.0382721115686291,-0.516208017018576,9.79707415920904,0,0,5.8607963267949
43,5,0,0,0.00568328499177939,-0.503177135171028,9.80375177892274,0,0,5.8707963267949
43.1,5,0,0,0.00738049538775973,-0.469271536662559,9.7910654327914,0,0,5.8807963267949
43.2,5,0,0,0.0200830931052519,-0.515408095910652,9.81242991102137,0,0,5.8907963267949
43.3,5,0,0,0.00962022013087083,-0.498766851177715,9.8120874810536,0,0,5.9007963267949
43.4,5,0,0,-0.0629766953301746,-0.508529849677388,9.8189670990765,0,0,5.9107963267949
43.5,5,0,0,0.00102982635075753,-0.513567197578841,9.79971833759847,0,0,5.9207963267949
43.6,5,0,0,0.0128761289372331,-0.549427773642383,9.81391897644659,0,0,5.9307963267949
43.7,5,0,0,0.00820138469162664,-0.505720803975896,9.82542047415389,0,0,5.9407963267949
43.8,5,0,0,0.00854922471351736,-0.512633627756622,9.81148384525842,0,0,5.9507963267949
43.9,5,0,0,-0.0183019933855268,-0.469319360279872,9.81352291923742,0,0,5.9607963267949
44,5,0,0,-0.013374606334683,-0.497662913590467,9.78659027213781,0,0,5.9707963267949
44.1,5,0,0,0.0140120231397168,-0.501891690441775,9.78643099329445,0,0,5.9807963267949
44.2,5,0,0,0.00161613325872229,-0.492922445232994,9.83199820766111,0,0,5.9907963267949
44.3,5,0,0,0.0271132424580839,-0.465257846919025,9.80392538417746,0,0,6.0007963267949
44.4,5,0,0,0.0372819344875598,-0.515572349447224,9.82380360118193,0,0,6.0107963267949
44.5,5,0,0,-0.025197686209921,-0.501980546407125,9.80036584572228,0,0,6.0207963267949
44.6,5,0,0,-0.00214307859698349,-0.46330990429521,9.79823084528203,0,0,6.0307963267949
44.7,5,0,0,-0.0309163969747782,-0.498118317466514,9.85974183973974,0,0,6.0407963267949
44.8,5,0,0,0.0147127340993154,-0.472661604950292,9.82555949210608,0,0,6.0507963267949
44.9,5,0,0,0.0140665391612103,-0.478090909921784,9.80239400886073,0,0,6.0607963267949
45,5,0,0,-0.0214984129652484,-0.483393199493476,9.81908299837578,0,0,6.0707963267949
45.1,5,0,0,0.0176120221167125,-0.492133736001307,9.78406039600024,0,0,6.0807963267949
45.2,5,0,0,-0.00759478840634097,-0.491797830841359,9.80401353737445,0,0,6.0907963267949
45.3,5,0,0,0.00311261565713679,-0.512328459885169,9.8153065015764,0,0,6.1007963267949
45.4,5,0,0,0.0515709794507789,-0.503714961107317,9.80116906091117,0,0,6.1107963267949
45.5,5,0,0,-0.00365459484756504,-0.514603175053746,9.83417082641322,0,0,6.1207963267949
45.6,5,0,0,-0.002695985640481,-0.50461589833333,9.827714960711,0,0,6.1307963267949
45.7,5,0,0,0.000462711883134366,-0.470108118348254,9.81152017474279,0,0,6.1407963267949
45.8,5,0,0,0.0338214090875373,-0.480706976593563,9.79069637791847,0,0,6.1507963267949
45.9,5,0,0,0.00456206075765198,-0.481020542048475,9.81561183856718,0,0,6.1607963267949
46,5,0,0,-0.056340268701662,-0.503102416275284,9.81988253287689,0,0,6.1707963267949
46.1,5,0,0,-0.0109739703420593,-0.495632953604053,9.80125697436028,0,0,6.1807963267949
46.2,5,0,0,-0.0031326469132165,-0.492164998790509,9.80691071082129,0,0,6.1907963267949
46.3,5,0,0,-0.0175810897864753,-0.520729203146438,9.81177684028729,0,0,6.2007963267949
46.4,5,0,0,-0.0274351127688537,-0.507781225048185,9.82134191271847,0,0,6.2107963267949
46.5,5,0,0,-0.0148284291326596,-0.48551025590377,9.79574145209931,0,0,6.2207963267949
46.6,5,0,0,-0.0252592271525264,-0.48981066237976,9.78780052099922,0,0,6.2307963267949
46.7,5,0,0,0.0208450221219416,-0.479813784631237,9.821532038857,0,0,6.2407963267949
46.8,5,0,0,0.019581971253113,-0.495789583250319,9.85273539778803,0,0,6.2507963267949
46.9,5,0,0,0.0183398549219319,-0.513687963068086,9.81115852514329,0,0,6.2607963267949
47,5,0,0,0.0222946838555321,-0.491219117712854,9.81696069098632,0,0,6.2707963267949
47.1,5,0,0,0.0125981578169393,-0.517996222158605,9.81756497581393,0,0,6.2807963267949
47.2,5,0,0,-0.0048567029632838,-0.529542033351863,9.84006451455423,0,0,6.2907963267949
47.3,5,0,0,-0.0317453968506028,-0.509416691931929,9.84917080984633,0,0,6.3007963267949
47.4,5,0,0,0.0167838695500202,-0.522400848776168,9.83146643323174,0,0,6.3107963267949
47.5,5,0,0,0.0187484899722597,-0.483865801901475,9.86774817231884,0,0,6.3207963267949
47.6,5,0,0,0.0175071617639626,-0.515695522354972,9.79502165594111,0,0,6.3307963267949
47.7,5,0,0,-0.0136545933707396,-0.514312317010383,9.80282086764226,0,0,6.3407963267949
47.8,5,0,0,-0.00396652770794444,-0.509463293827265,9.8527435214325,0,0,6.3507963267949
47.9,5,0,0,-0.0125999199287906,-0.520300889945027,9.84674115059826,0,0,6.3607963267949
48,5,0,0,0.0228552109429394,-0.484327146194759,9.79591629953456,0,0,6.3707963267949
48.1,5,0,0,-0.00605637422974514,-0.516584467343706,9.79428336783606,0,0,6.3807963267949
48.2,5,0,0,-0.0266988201172792,-0.492757123770761,9.80902788398763,0,0,6.3907963267949
48.3,5,0,0,0.00539986509949924,-0.51850623583779,9.82122464923443,0,0,6.4007963267949
48.4,5,0,0,0.00817906559463342,-0.537606817647859,9.82050928361761,0,0,6.4107963267949
48.5,5,0,0,0.0449825738739126,-0.500360407373487,9.81811022130155,0,0,6.4207963267949
48.6,5,0,0,0.0154217293998809,-0.525209722941213,9.79443850571475,0,0,6.4307963267949
48.7,5,0,0,0.0154162836393697,-0.501030576317392,9.81134191986297,0,0,6.4407963267949
48.8,5,0,0,0.0270223853903649,-0.490478451107629,9.79752442233812,0,0,6.4507963267949
48.9,5,0,0,-0.0113605873132335,-0.511432774999947,9.83528604822603,0,0,6.4607963267949
49,5,0,0,0.0191523284429185,-0.528139106005144,9.80368952951177,0,0,6.4707963267949
49.1,5,0,0,-0.0269342418453322,-0.502050669451446,9.79958689358905,0,0,6.4807963267949
49.2,5,0,0,-0.00325864552252685,-0.457334079454204,9.78819354730434,0,0,6.4907963267949
49.3,5,0,0,0.0139737675161161,-0.491266070858831,9.80216453053747,0,0,6.5007963267949
49.4,5,0,0,-0.029156274034163,-0.482636338216516,9.8160605692349,0,0,6.5107963267949
49.5,5,0,0,-0.0162649109987015,-0.511436437243553,9.79377806300962,0,0,6.5207963267949
49.6,5,0,0,-0.0108890086394579,-0.49292753974224,9.79512575366028,0,0,6.5307963267949
49.7,5,0,0,-0.00516699406067525,-0.501407548616281,9.85107446205864,0,0,6.5407963267949
49.8,5,0,0,0.0138752875840036,-0.521925159483057,9.8116632263726,0,0,6.5507963267949
49.9,5,0,0,-0.0552001948349564,-0.500786043326722,9.77947437288127,0,0,6.5607963267949
50,5,0,0,-0.0103756740981777,-0.496203594032028,9.81758642220289,0,0,6.5707963267949
50.1,5,0,0,0.0237275717621246,-0.516688463154233,9.82653692043474,0,0,6.5807963267949
50.2,5,0,0,-0.0184254123454579,-0.515729394599977,9.78995555922993,0,0,6.5907963267949
50.3,5,0,0,-0.0142593441076566,-0.524507698320907,9.83719602990836,0,0,6.6007963267949
50.4,5,0,0,-0.0227004315439206,-0.5032040581257,9.82760566671515,0,0,6.6107963267949
50.5,5,0,0,-0.00227344889420712,-0.474915878733678,9.82613368753683,0,0,6.6207963267949
50.6,5,0,0,0.0364236012788293,-0.516439224866587,9.77561612778424,0,0,6.6307963267949
50.7,5,0,0,-0.0168468671540304,-0.507389587351,9.81323863750504,0,0,6.6407963267949
50.8,5,0,0,0.00180873950746093,-0.487289042891035,9.7958436250709,0,0,6.6507963267949
50.9,5,0,0,-0.0197735361572662,-0.485128047099423,9.80825535669551,0,0,6.6607963267949
51,5,0,0,-0.0236267713013967,-0.503546212299822,9.81151700780499,0,0,6.6707963267949
51.1,5,0,0,-0.000987982680459562,-0.521845774754415,9.80579718419876,0,0,6.6807963267949
51.2,5,0,0,-0.040778155787416,-0.482631962129724,9.8104548738715,0,0,6.6907963267949
51.3,5,0,0,0.00292889281867919,-0.496409578707395,9.78788035648781,0,0,6.7007963267949
51.4,5,0,0,0.00210969082296289,-0.49862469737046,9.80930218196671,0,0,6.7107963267949
51.5,5,0,0,0.0115911948193398,-0.494267750930373,9.80614870538783,0,0,6.7207963267949
51.6,5,0,0,-0.0347618722643295,-0.513114811211265,9.81258260880725,0,0,6.7307963267949
51.7,5,0,0,0.000628168410740362,-0.486119369821959,9.80711117083018,0,0,6.7407963267949
51.8,5,0,0,0.00294178878648862,-0.482115593036905,9.82538066357691,0,0,6.7507963267949
51.9,5,0,0,0.0178082462824325,-0.50234964481186,9.7960303184793,0,0,6.7607963267949
52,5,0,0,0.0224204137057059,-0.513494980167495,9.81953441019863,0,0,6.7707963267949
52.1,5,0,0,0.0134355558301314,-0.503093739812383,9.79490287343604,0,0,6.7807963267949
52.2,5,0,0,0.0279965222254646,-0.510267067936799,9.79029996566575,0,0,6.7907963267949
52.3,5,0,0,0.00158985730242881,-0.528304582665934,9.78298129426952,0,0,6.8007963267949
52.4,5,0,0,0.0201611542862918,-0.494267781673817,9.79743960845824,0,0,6.8107963267949
52.5,5,0,0,-0.0273590456587337,-0.47468457100244,9.77299615913366,0,0,6.8207963267949
52.6,5,0,0,-0.00563325981652175,-0.469770018683775,9.8023471656058,0,0,6.8307963267949
52.7,5,0,0,-0.0212834915934428,-0.492387421840785,9.82624305978705,0,0,6.8407963267949
52.8,5,0,0,0.0159309638632521,-0.485720588141878,9.81481262841447,0,0,6.8507963267949
52.9,5,0,0,7.96688080530774e-05,-0.510920658786179,9.81688728990996,0,0,6.8607963267949
53,5,0,0,-0.000299630441230114,-0.475465926663075,9.77701342735135,0,0,6.8707963267949
53.1,5,0,0,0.00244866247011251,-0.478331391310489,9.86248482864748,0,0,6.8807963267949
53.2,5,0,0,-0.0191782376521919,-0.489438275168792,9.78940032611782,0,0,6.8907963267949
53.3,5,0,0,-0.0164519793725097,-0.489141023840637,9.78993435433892,0,0,6.9007963267949
53.4,5,0,0,-0.0262074139646133,-0.488572160371441,9.77646416014962,0,0,6.9107963267949
53.5,5,0,0,0.00443832151308064,-0.52154256228788,9.79807368790758,0,0,6.9207963267949
53.6,5,0,0,0.00249004846978043,-0.504249622324879,9.78980560721016,0,0,6.9307963267949
53.7,5,0,0,-0.00724722350144955,-0.484071692408384,9.80108349627899,0,0,6.9407963267949
53.8,5,0,0,-0.0255452366704194,-0.529999183750428,9.80334875759983,0,0,6.9507963267949
53.9,5,0,0,-0.0149479511630976,-0.517153728365701,9.78380639649782,0,0,6.9607963267949
54,5,0,0,0.0209646357626454,-0.50417800753812,9.82116714763962,0,0,6.9707963267949
54.1,5,0,0,-0.0296663601551397,-0.495020275691722,9.83232924890318,0,0,6.9807963267949
54.2,5,0,0,-0.00711884429501591,-0.497182279544916,9.80748871358345,0,0,6.9907963267949
54.3,5,0,0,-0.0112964332651331,-0.462705369228676,9.78592760495019,0,0,7.0007963267949
54.4,5,0,0,-0.0246497564102828,-0.50313540671672,9.8363784042944,0,0,7.0107963267949
54.5,5,0,0,-0.00316072919844011,-0.503500410160126,9.79840134887994,0,0,7.0207963267949
54.6,5,0,0,0.0139051169412755,-0.46780647435923,9.80421713628519,0,0,7.0307963267949
54.7,5,0,0,-0.0138095139401554,-0.494460839822524,9.81601360621212,0,0,7.0407963267949
54.8,5,0,0,0.00866523042467337,-0.51486369022923,9.79575007724007,0,0,7.0507963267949
54.9,5,0,0,-0.000616691873588152,-0.483036994547974,9.84683301754578,0,0,7.0607963267949
55,5,0,0,0.00553679069905468,-0.512978409719518,9.82344436254692,0,0,7.0707963267949
55.1,5,0,0,-0.0257319709622544,-0.48834255598886,9.79649985760832,0,0,7.0807963267949
55.2,5,0,0,-0.00623956520963235,-0.511256615284068,9.80919969741766,0,0,7.0907963267949
55.3,5,0,0,-0.00601167816846266,-0.539806927740448,9.80947670839271,0,0,7.1007963267949
55.4,5,0,0,-0.008450921091979,-0.498140115160065,9.80407608845282,0,0,7.1107963267949
55.5,5,0,0,0.00604369799108037,-0.497916368457075,9.8244959279591,0,0,7.1207963267949
55.6,5,0,0,-0.000839740264891283,-0.514217009143009,9.78829413158698,0,0,7.1307963267949
55.7,5,0,0,-0.0133189466857453,-0.490162227149372,9.80821729402165,0,0,7.1407963267949
55.8,5,0,0,0.028038304276201,-0.50465441797933,9.80258917545658,0,0,7.1507963267949
55.9,5,0,0,-0.0100378941203917,-0.50777116151401,9.80962659902689,0,0,7.1607963267949
56,5,0,0,0.0302857518290389,-0.495263609135678,9.79580460379383,0,0,7.1707963267949
56.1,5,0,0,-0.00959525782038276,-0.509274612825765,9.82448463957128,0,0,7.1807963267949
56.2,5,0,0,0.0224018991689352,-0.494207884056735,9.79302635679815,0,0,7.1907963267949
56.3,5,0,0,0.0161943572500268,-0.508943436769954,9.82403918318174,0,0,7.2007963267949
56.4,5,0,0,0.013199283817663,-0.524789951818503,9.79350478996998,0,0,7.2107963267949
56.5,5,0,0,0.000811521026138399,-0.551713267878833,9.78229819004849,0,0,7.2207963267949
56.6,5,0,0,0.0207860017422793,-0.495336278700354,9.81635879009311,0,0,7.2307963267949
56.7,5,0,0,-0.014368831146297,-0.498490302997016,9.80727886263372,0,0,7.2407963267949
56.8,5,0,0,-0.0134833709813322,-0.472873947957722,9.83112353535311,0,0,7.2507963267949
56.9,5,0,0,-0.0406575246315721,-0.479504405477112,9.78271817775848,0,0,7.2607963267949
57,5,0,0,-0.00680465032875381,-0.503292606418803,9.83664740470939,0,0,7.2707963267949
57.1,5,0,0,-0.00934378800937687,-0.489971255224115,9.81804355913947,0,0,7.2807963267949
57.2,5,0,0,0.0121315896766804,-0.476672995899825,9.82735160556148,0,0,7.2907963267949
57.3,5,0,0,-0.0189833607323497,-0.491847306789634,9.78007670084083,0,0,7.3007963267949
57.4,5,0,0,0.015166812161469,-0.456714218362213,9.80974834226852,0,0,7.3107963267949
57.5,5,0,0,0.0377972320791631,-0.501302123468507,9.7841933406274,0,0,7.3207963267949
57.6,5,0,0,-0.00920400007764729,-0.483013481188667,9.7922197814033,0,0,7.3307963267949
57.7,5,0,0,-0.0112881367538065,-0.513291637435555,9.79291185286431,0,0,7.3407963267949
57.8,5,0,0,-0.00825135555579404,-0.502384487972942,9.77609054251346,0,0,7.3507963267949
57.9,5,0,0,0.0143912775860824,-0.478834663254283,9.80313323819712,0,0,7.3607963267949
58,5,0,0,0.0194114690033048,-0.499376339763847,9.80346344681405,0,0,7.3707963267949
58.1,5,0,0,0.0211524295069591,-0.480173288527581,9.82620108913362,0,0,7.3807963267949
58.2,5,0,0,-0.00490577078059897,-0.529655808396028,9.82120539714328,0,0,7.3907963267949
58.3,5,0,0,0.016204675862791,-0.479536257062695,9.83169222104761,0,0,7.4007963267949
58.4,5,0,0,0.0299204965453186,-0.510836712618245,9.80070177780936,0,0,7.4107963267949
58.5,5,0,0,-0.00757009506514784,-0.513854657337089,9.79523565493203,0,0,7.4207963267949
58.6,5,0,0,0.00485894180712901,-0.543198510587969,9.80745555635474,0,0,7.4307963267949
58.7,5,0,0,-0.0184173490629661,-0.516836185051999,9.82311486700586,0,0,7.4407963267949
58.8,5,0,0,-0.00319582096018345,-0.479898132643333,9.79967402789418,0,0,7.4507963267949
58.9,5,0,0,0.0207292846028982,-0.477434157165787,9.80111663782804,0,0,7.4607963267949
59,5,0,0,-0.0225394200694013,-0.528567540289257,9.80354535534664,0,0,7.4707963267949
59.1,5,0,0,-0.00968530042975154,-0.501415295832044,9.86415797785532,0,0,7.4807963267949
59.2,5,0,0,0.0137913401813088,-0.481245395592385,9.79452240033249,0,0,7.4907963267949
59.3,5,0,0,0.00635075243225526,-0.508899128409822,9.81916910683794,0,0,7.5007963267949
59.4,5,0,0,-0.0117341601146848,-0.470913156806168,9.80772738923768,0,0,7.5107963267949
59.5,5,0,0,0.0163869854888867,-0.464300978085743,9.81526693659375,0,0,7.5207963267949
59.6,5,0,0,-0.0147456759397925,-0.510327211408891,9.84016333928047,0,0,7.5307963267949
59.7,5,0,0,0.0442610412735584,-0.49676073972276,9.82235525581857,0,0,7.5407963267949
59.8,5,0,0,0.0165866990975331,-0.486269570591742,9.81105326537952,0,0,7.5507963267949
59.9,5,0,0,0.0206543961982172,-0.477882336821456,9.80393832790365,0,0,7.5607963267949
60,5,0,0,0.0209882003568104,-0.508193854388768,9.82451444010995,0,0,7.5707963267949
